KinArMFt;Terulet;Terasz;Szoba;Felszoba;Furdoszoba;Emelet;DeliTaj;Buda;Kerulet
10,7;32;0;1;0;1;2;0;1;1
10;32;0;1;0;1;2;0;1;1
10,5;32;0;1;0;1;2;0;1;1
12;34;0;1;0;1;1;1;1;1
13;34;0;1;0;1;1;1;1;1
13,9;35;0;1;0;1;0;1;1;1
17,2;43;0;2;0;1;1;0;1;1
15,9;44;3;1;0;1;2;0;1;1
13,9;46;0;2;1;1;3;1;1;1
18;47;0;1;0;1;2;0;1;1
14,9;47;3;1;0;1;2;0;1;1
20;47;0;2;0;1;1;0;1;1
15,5;48;0;2;1;1;0;0;1;1
28,9;50;15;2;1;1;1;1;1;1
19,9;50;0;3;0;1;1;1;1;1
15,9;51;0;1;0;1;2;1;1;1
16,5;52;3;2;0;1;3;1;1;1
20;53;0;2;0;1;0;1;1;1
17,3;55;0;2;0;1;2;0;1;1
17,9;56;0;2;0;1;1;0;1;1
16,9;56;0;2;0;1;2;0;1;1
20;57;0;1;0;1;3;0;1;1
20;57;0;1;0;1;3;0;1;1
18,9;58;0;2;0;1;5;0;1;1
17;58;0;3;1;1;1;1;1;1
28;58,5;0;2;0;1;0;1;1;1
25,9;59;8;2;1;1;5;1;1;1
16,8;62;0;3;1;1;2;0;1;1
27,8;64;7;2;0;1;0;1;1;1
26;65;0;2;0;1;0;0;1;1
21,2;66;2;2;0;1;3;1;1;1
18;70;3;2;0;1;1;1;1;1
20,5;70;4;3;1;1;2;0;1;1
21;74;0;2;0;1;3;0;1;1
26;80;0;2;0;1;0;0;1;1
33;80;25;3;1;1;0;1;1;1
58;80;0;4;1;2;0;1;1;1
26,5;81;0;4;1;1;1;0;1;1
26;82;4;2;0;1;1;0;1;1
33;84;0;3;1;1;3;0;1;1
25;84;15;3;0;1;1;0;1;1
44,9;84;0;4;2;1;1;0;1;1
27,9;88;0;2;0;1;0;1;1;1
23,9;88;5;3;1;1;1;1;1;1
25,5;89;0;3;1;1;3;1;1;1
25,9;92;0;4;0;1;0;1;1;1
33;94;3;2;1;1;2;0;1;1
37,5;94;2,6;3;1;1;2;0;1;1
56;100;18;3;0;1;3;1;1;1
39,9;101;0;3;0;1;3;1;1;1
26,9;101;0;4;1;1;3;1;1;1
36,5;105;4;3;0;1;4;1;1;1
39,8;110;7;3;0;1;2;0;1;1
35;110;3;4;0;1;3;1;1;1
32;112;0;3;0;1;1;1;1;1
87,5;120;8;3;0;2;1;0;1;1
36;121;0;3;0;1;1;0;1;1
39;121;0;4;0;2;0;0;1;1
75;122;0;2;2;2;3;0;1;1
39,5;123;0;5;0;2;1;0;1;1
55;127;0;3;1;2;2;1;1;1
51,5;134,25;5,8;6;1;2;3;0;1;1
56;160;12;5;0;1;2;1;1;1
49;169;0;4;0;3;4;1;1;1
9,6;29;0;1;0;1;0;0;1;2
10,5;30;0;1;0;1;2;0;1;2
13,2;36;0;1;0;1;2;0;1;2
12,2;36;0;1;0;1;3;0;1;2
11;39;0;2;0;1;0;0;1;2
14,8;41;0;1;0;1;1;1;1;2
14,9;42;0;2;1;1;3;0;1;2
14,5;43;0;1;0;1;0;0;1;2
12,7;43;0;2;1;1;2;0;1;2
14,9;44;0;2;1;0;0;0;1;2
13;46;0;2;0;0;0;1;1;2
31,5;47;5,5;2;0;1;2;1;1;2
23,4;47,5;6;2;1;1;1;0;1;2
15,7;48;2;1;0;1;3;1;1;2
15,3;49;0;2;0;1;0;1;1;2
24,9;50;8;2;1;1;0;1;1;2
18,4;50;0;2;0;1;3;0;1;2
16,6;50;0;2;0;1;4;0;1;2
14,9;50;0;2;0;1;3;0;1;2
12,5;50;0;2;1;1;0;1;1;2
19,9;50,5;4,3;2;1;1;2;0;1;2
14,6;51;0;1;0;1;3;0;1;2
26;52;0;2;0;1;1;0;1;2
24,6;52;0;2;0;1;0;1;1;2
19,8;52;0;3;0;1;2;0;1;2
20,8;54;0;2;0;1;0;0;1;2
30;55;18;1;0;1;0;1;1;2
21,9;55;0;2;0;1;0;0;1;2
18,6;55;0;3;0;1;1;0;1;2
23;56;2;2;0;1;3;1;1;2
22,5;56;6,3;2;0;1;1;1;1;2
17,8;57;2;1;0;1;4;0;1;2
33;57;24;2;1;1;2;0;1;2
25,5;58;4;2;0;1;2;0;1;2
23;58;0;2;0;1;0;1;1;2
18;58;0;2;0;1;3;1;1;2
20,4;58,5;4,5;3;2;1;2;0;1;2
21,5;60;4,5;2;0;1;3;0;1;2
17,5;60;0;2;0;1;5;0;1;2
22,9;60;6;3;2;1;2;1;1;2
22,7;60;4;3;0;1;2;1;1;2
17,5;62;0;2;0;1;3;1;1;2
23;62;7;3;2;1;4;0;1;2
30,5;63;6;2;0;1;1;0;1;2
28,4;63;5;2;0;1;1;0;1;2
25;63;3;2;0;1;3;1;1;2
29,5;64;11;2;0;1;2;0;1;2
26,5;64;6;2;1;1;1;1;1;2
21,8;64;6,2;2;0;1;1;1;1;2
23,3;64;9,5;3;1;1;0;1;1;2
24,9;65;5;2;0;1;1;0;1;2
38,2;65;6;3;1;1;0;1;1;2
34;66;8;2;1;1;1;1;1;2
44;67;10;3;1;2;4;1;1;2
29;67;50;4;3;1;0;0;1;2
19,6;68;0;2;0;0;4;0;1;2
27,5;68;0;2;0;1;0;1;1;2
19,7;68;1,5;2;0;1;1;1;1;2
23,2;68;0;3;1;1;3;0;1;2
27;68;11;3;0;1;1;1;1;2
26,9;70;4;2;1;1;1;0;1;2
44;70;50;2;0;1;0;1;1;2
23,5;70;2;2;0;1;4;0;1;2
18,5;70;0;2;0;2;0;0;1;2
33,2;70;1;3;0;1;5;1;1;2
24,9;70;10;3;1;1;7;0;1;2
24,8;70;8;3;1;1;9;1;1;2
36;71;16;2;0;1;0;0;1;2
23;72;0;2;0;1;2;0;1;2
32;73;5;3;1;1;2;0;1;2
28,4;74;2;2;0;1;3;0;1;2
32;74;7;3;1;1;0;1;1;2
25,5;74;0;3;0;1;2;1;1;2
29,9;74;9;4;0;1;0;1;1;2
23,4;75;4;2;0;1;5;0;1;2
33,7;75;6;3;1;1;1;1;1;2
35,9;76;6;3;1;1;0;1;1;2
25;76;4;3;1;1;1;1;1;2
24;76;3,5;3;0;1;5;1;1;2
18,8;76;2;3;0;1;1;0;1;2
29;77;6;3;1;1;1;0;1;2
36,4;77;0;4;0;1;1;0;1;2
29,5;77;5;4;1;1;0;1;1;2
25;78;7,5;2;0;1;4;1;1;2
26;78;0;3;1;1;1;1;1;2
26,3;79;0;2;0;1;2;1;1;2
24;79;0;3;1;1;1;0;1;2
26;79;5;3;1;1;3;1;1;2
53;79,5;6,5;3;0;2;7;0;1;2
38;80;0;3;0;1;2;1;1;2
37,3;82;0;3;0;1;3;1;1;2
27;85;0;2;0;1;3;0;1;2
26,5;85;0;3;0;1;1;0;1;2
61,9;86;16;2;0;2;2;1;1;2
29,9;86;0;2;0;1;0;1;1;2
24;86;0;2;0;1;0;0;1;2
21,9;86;0;2;0;1;5;0;1;2
24;86;3;2;0;1;1;1;1;2
53;86;0;3;1;1;3;0;1;2
29,5;86;1;3;0;2;5;1;1;2
23,7;87;3;2;1;1;3;0;1;2
46,9;87;18;3;0;2;0;0;1;2
36,5;88;13;2;0;1;0;1;1;2
40;90;0;2;0;2;3;1;1;2
74,5;90;22;3;2;1;1;1;1;2
74,5;90;14;3;1;2;2;1;1;2
39;90;15,5;3;0;1;1;1;1;2
30,5;90;0;3;0;1;2;1;1;2
23,4;90;2;3;1;1;2;1;1;2
47,5;90;0;4;0;1;2;0;1;2
44,9;91;14;4;0;1;2;1;1;2
27;93;0;3;0;1;2;1;1;2
24,9;93;0;3;1;1;1;1;1;2
30;94;2;4;1;1;3;0;1;2
28,5;94;3;4;1;1;3;0;1;2
26,9;95;0;3;0;1;3;0;1;2
27,6;96;0;3;1;1;0;1;1;2
28;99;4;3;1;1;3;0;1;2
43,5;100;20;2;0;1;0;0;1;2
43,9;100;8;3;0;1;0;1;1;2
69;100;8;4;2;1;1;1;1;2
59;100;8;4;1;1;1;1;1;2
35;101;0;4;0;1;1;1;1;2
39,9;104;4;2;1;1;2;1;1;2
48;104;17;4;0;2;0;1;1;2
63;105;0;2;0;1;1;1;1;2
59,9;106;0;3;0;2;3;0;1;2
47,3;106;11;3;0;2;2;1;1;2
23,9;107;0;3;0;1;0;1;1;2
63;108;12;4;0;1;2;1;1;2
59;110;0;4;0;1;1;1;1;2
49,9;110;10;4;0;1;3;1;1;2
54,4;111;17;4;0;2;3;0;1;2
47,3;111;16;4;0;2;3;1;1;2
46,5;112;18;3;0;2;1;0;1;2
32,2;115;13;2;1;1;6;0;1;2
45;116;0;4;1;1;1;1;1;2
70;116,8;24;3;0;1;4;0;1;2
55;117;6;3;0;1;1;1;1;2
65;117;28;4;0;2;1;0;1;2
68;119;0;4;0;2;2;0;1;2
60;120;0;3;0;1;2;0;1;2
56,9;120;0;4;0;2;2;1;1;2
35;120;0;4;0;1;1;1;1;2
35;120;0;4;2;2;3;1;1;2
26;120;6;4;1;1;1;0;1;2
85;122;50;3;0;2;2;0;1;2
31;122;6;3;0;1;3;1;1;2
43,4;124;0;3;1;1;2;1;1;2
51;125;4;5;1;1;2;1;1;2
58,5;128;20;4;0;2;0;0;1;2
49,9;130;0;3;0;1;0;1;1;2
62;131;0;4;0;2;0;1;1;2
49,6;132;0;3;0;1;3;1;1;2
52,8;132;10;5;1;2;0;1;1;2
57;133;34;5;0;2;1;1;1;2
95;134;64;5;3;2;3;1;1;2
53,6;135;0;5;1;2;3;0;1;2
39;136;2;4;1;2;3;0;1;2
84;140;14;4;1;2;1;1;1;2
55;141;8;3;0;2;1;1;1;2
59;143;0;4;0;2;3;1;1;2
59;144;3;4;0;2;3;1;1;2
59;144;3;4;0;2;3;1;1;2
47,3;146;0;4;1;1;0;1;1;2
65,1;146;12;5;1;1;1;1;1;2
65,1;146;24,4;5;1;2;1;1;1;2
54,6;146;0;5;1;2;0;1;1;2
79,2;147;24;5;1;2;2;1;1;2
75,1;147;24;5;1;2;1;0;1;2
73,5;147;24;5;1;2;1;1;1;2
63;147;13;5;0;1;1;1;1;2
69,3;147;25;5;1;2;2;1;1;2
68,3;147;24;5;1;2;1;1;1;2
59,3;147;0;5;0;2;0;0;1;2
57,8;147;0;5;1;2;0;1;1;2
71,4;148;24;5;1;1;2;0;1;2
75,5;148;24;5;1;2;3;1;1;2
32,9;150;0;3;0;1;1;0;1;2
58,9;150;17;4;0;1;0;0;1;2
89;152;70;3;0;1;0;0;1;2
80;155;18;2;0;1;1;1;1;2
79,9;160;9;6;0;2;1;1;1;2
115;165,32;12,2;7;1;2;2;1;1;2
89,5;168;36;5;0;1;0;1;1;2
55;168;4;5;1;1;1;1;1;2
69,5;170;15,6;4;0;3;0;1;1;2
78;170;16;5;0;3;2;0;1;2
118;173;25;4;0;2;2;1;1;2
116;193;15,3;5;0;2;1;1;1;2
112;193;12,2;5;0;2;1;1;1;2
112;193;12,2;5;0;2;0;1;1;2
112;193;12,2;5;0;2;0;1;1;2
112;193;15,3;5;0;2;2;1;1;2
84;230;32;6;1;1;2;0;1;2
90;300;0;6;0;3;1;1;1;2
8,9;25;0;1;0;1;0;1;1;3
9,3;26;2,5;1;0;1;1;1;1;3
12;30;0;1;0;1;2;0;1;3
11,5;30;0;1;0;1;2;0;1;3
8;30;0;1;0;1;2;0;1;3
9,9;31;1;1;0;1;1;0;1;3
9,2;33;0;1;0;1;3;0;1;3
10,8;33;0;1;0;1;0;1;1;3
14,6;36;0;1;0;1;0;1;1;3
12;36;0;1;0;1;3;1;1;3
12,5;36;0;2;1;1;0;1;1;3
17;37;6;1;0;0;1;1;1;3
15,6;37;0;1;0;1;0;0;1;3
12,2;37;0;1;0;1;1;0;1;3
10,8;37;0;1;0;1;1;0;1;3
10,4;37;0;1;0;1;1;0;1;3
9;37;0;1;0;1;0;0;1;3
10,2;38;0;1;0;1;3;1;1;3
16,4;39;0;2;1;1;2;1;1;3
8,2;39;0;2;0;1;0;0;1;3
11;41;0;1;0;1;1;1;1;3
13,5;42;0;1;0;0;1;0;1;3
17,6;42;10;2;0;1;2;0;1;3
23,9;43;0;2;0;1;5;0;1;3
14,7;47;5;2;0;1;2;0;1;3
11,9;48;0;1;0;1;0;0;1;3
21,9;49;0;2;1;1;1;0;1;3
19,4;49,5;2,7;2;0;1;6;1;1;3
17,9;51;0;2;0;1;0;0;1;3
15,8;53;2;2;0;1;1;1;1;3
17,5;53;20;2;0;1;0;1;1;3
22,8;53,14;20;2;0;1;0;1;1;3
18,4;54;6;2;1;1;4;0;1;3
15,4;54;2,5;2;0;1;2;0;1;3
14,6;54;0;2;0;1;1;0;1;3
17,5;55;3,5;2;0;1;5;0;1;3
17,9;56;3;2;0;1;3;0;1;3
14,8;56;0;2;0;1;3;0;1;3
14,9;56;4;2;0;1;3;0;1;3
12,9;57;0;2;0;1;3;0;1;3
26,5;57;4,1;3;1;1;3;0;1;3
22,8;57,6;12;2;0;1;0;0;1;3
16,9;58;3,8;2;1;1;3;0;1;3
30,5;59;10,8;1;0;1;0;0;1;3
16;59;4;2;0;1;3;0;1;3
14,7;60;0;2;0;1;3;1;1;3
18;60;0;3;1;1;0;1;1;3
19,5;61;6;2;0;1;0;0;1;3
28;62;6;3;0;1;1;1;1;3
19,9;62;3;3;0;1;5;0;1;3
16;62,6;0;2;0;1;1;0;1;3
19,5;63;0;2;0;1;1;1;1;3
26,5;64;5,4;2;0;1;0;1;1;3
26;64;8;2;0;1;0;1;1;3
26;64;0;3;1;1;2;0;1;3
24;65;6;2;0;1;3;0;1;3
16,9;66;0;2;0;1;2;1;1;3
26,8;66;0;3;1;1;2;1;1;3
34;67;6;3;0;1;1;1;1;3
12,9;69;4;3;0;1;1;1;1;3
45;70;6;2;0;1;4;0;1;3
39;70;4,8;3;1;1;0;0;1;3
29,3;70;4;3;0;1;1;1;1;3
18;72;0;3;0;1;2;0;1;3
28,8;73;0;3;1;1;1;0;1;3
29,6;73,31;10;3;1;1;0;1;1;3
25,9;75,3;9;3;0;1;2;1;1;3
28;76;6;2;0;1;4;1;1;3
46;76;24;3;0;1;1;1;1;3
21,5;76;0;3;0;1;0;1;1;3
38,8;77;4;3;1;1;3;1;1;3
38,8;77;4;3;0;1;3;1;1;3
39,6;78;0;3;0;1;1;1;1;3
21;79;0;3;1;1;4;0;1;3
25,5;79;4;3;0;1;1;1;1;3
21,9;79;0;3;1;1;4;1;1;3
39,5;83;0;3;0;1;2;0;1;3
34,5;83;9;3;0;2;1;1;1;3
28,5;84;8;3;0;1;4;0;1;3
50;86;33;3;0;1;3;1;1;3
50;88;40;3;0;1;3;0;1;3
19,9;88;4;3;0;2;4;1;1;3
38;89;4;4;2;2;1;1;1;3
36;90;10;4;3;1;1;0;1;3
39,9;90;15,5;4;2;1;0;1;1;3
34,2;93,11;12;4;1;1;1;1;1;3
47;95;26;3;0;1;0;0;1;3
36,8;96;10;3;0;1;0;1;1;3
45;98;13;3;0;2;3;1;1;3
47;100;0;4;0;1;1;0;1;3
68;103;70;3;0;2;1;1;1;3
42;104;14;3;0;1;0;1;1;3
42,5;105;25;4;0;2;2;1;1;3
49;110;0;4;0;2;1;1;1;3
62,5;110;60;4;0;2;2;1;1;3
34,8;110;0;4;0;1;1;1;1;3
78;114;63;5;1;2;0;0;1;3
43,5;116;3;4;1;1;2;1;1;3
69,5;118;18,5;5;1;2;4;0;1;3
42;122;5;3;0;1;2;1;1;3
49,5;122;7;6;0;2;4;0;1;3
25;125;0;0;0;3;0;1;1;3
43,5;125;0;5;0;2;3;0;1;3
62,5;142;40;5;0;2;4;1;1;3
69;144;25;3;0;2;1;1;1;3
69;160;20;5;0;1;0;0;1;3
52,9;162;20;5;0;2;0;1;1;3
59;180;24;6;0;2;0;1;1;3
83;186;43;4;0;2;0;1;1;3
57;200;30;5;0;2;2;1;1;3
42,6;215;0;3;0;2;0;1;1;3
6,3;25;18;1;0;1;0;0;0;4
6,5;27;0;1;0;1;0;0;0;4
10,4;33;0;1;0;1;0;1;0;4
9,1;36;0;2;1;1;4;0;0;4
12,6;36,3;6;2;1;1;3;0;0;4
9;38;20;1;0;1;0;0;0;4
12,9;41;0;2;1;1;1;0;0;4
8,8;41;0;2;1;1;1;0;0;4
8,3;41;0;2;0;1;0;0;0;4
13,5;42;0;3;1;1;3;0;0;4
16,9;43;35;2;0;1;0;1;0;4
14;48;5;2;0;1;1;1;0;4
13,2;53;4;2;0;1;4;1;0;4
12;53,23;4,5;2;0;1;2;0;0;4
9,9;54;3;2;0;1;5;0;0;4
13,8;56;4;2;0;1;3;1;0;4
11,8;61;0;2;0;1;1;0;0;4
10,8;63;0;2;0;1;2;1;0;4
15,5;63,8;14;3;2;1;0;0;0;4
14,5;64;0;2;0;1;0;0;0;4
24,7;64,5;13;3;2;1;0;1;0;4
24;66;5,4;3;2;1;1;0;0;4
17,6;74;3,3;3;1;1;1;0;0;4
12,6;76,55;2,5;3;1;1;1;1;0;4
23,5;76,8;6;3;1;1;2;1;0;4
23,2;82;0;3;1;1;0;1;0;4
27,5;111;20;2;0;1;0;0;0;4
62,5;250;34,5;0;0;0;0;0;0;4
9,4;24;0;1;0;1;4;0;0;5
10,5;26;0;1;0;1;1;0;0;5
10,8;28;0;1;0;1;0;1;0;5
11,8;32;0;1;0;1;3;1;0;5
14,9;35;0;1;0;1;5;0;0;5
13,5;38;0;1;0;1;0;1;0;5
14,5;41;0;2;0;1;0;0;0;5
15,5;42;0;1;0;1;2;1;0;5
37,9;45;0;1;0;1;1;1;0;5
19;45;0;1;0;1;2;0;0;5
23,5;50;0;2;0;1;4;0;0;5
19,5;50;0;2;0;1;1;0;0;5
18,8;52;0;1;0;1;3;0;0;5
25;53;0;2;0;1;1;1;0;5
39;54;8;2;0;1;1;0;0;5
17,5;54;0;2;0;1;2;1;0;5
22;55;0;1;1;1;2;0;0;5
17,2;55;0;2;0;1;2;0;0;5
14,8;59;0;1;0;1;0;0;0;5
21,9;59;2;3;1;1;6;1;0;5
21,8;62;0;2;0;1;1;1;0;5
21;63;0;2;1;1;2;0;0;5
22,9;66;0;2;0;1;3;1;0;5
20,5;67;0;3;1;1;2;1;0;5
46;68;0;2;0;1;4;1;0;5
35;68;11;2;0;1;3;0;0;5
39;70;0;2;0;1;5;1;0;5
28;70;10;2;0;1;1;0;0;5
22;71;0;2;0;1;2;1;0;5
32,2;72;2;3;1;1;4;1;0;5
29,3;73;0;3;1;2;5;1;0;5
30;74;0;2;0;1;1;1;0;5
26,9;81;0;2;0;1;3;0;0;5
30;83;0;2;0;1;2;1;0;5
29,9;84;5;3;1;1;2;0;0;5
30;85;0;2;1;1;2;0;0;5
39,9;85;0;3;0;1;2;1;0;5
39;85;0;4;1;2;3;1;0;5
32;88;3;3;1;1;3;0;0;5
42;90;0;2;0;1;3;1;0;5
22;92;0;2;0;1;0;0;0;5
39;92;0;3;1;1;2;1;0;5
40;93;0;3;1;1;1;0;0;5
29,9;94;0;3;0;1;3;1;0;5
42;97;0;2;0;1;3;1;0;5
51,5;98;0;2;0;1;1;0;0;5
38;99;0;2;0;1;1;1;0;5
49,5;100;0;3;0;2;1;1;0;5
29,5;101;0;2;0;1;2;1;0;5
41,7;101;0;4;0;1;1;0;0;5
44,8;102;1,5;3;1;1;1;0;0;5
36,4;102;0;3;0;1;3;1;0;5
27,5;103;0;3;2;1;2;0;0;5
49;103;0;3;1;2;2;1;0;5
35;104;0;3;0;1;0;1;0;5
58;108;0;3;1;2;5;1;0;5
46;112;0;4;1;1;5;1;0;5
57;127;4;3;1;1;1;0;0;5
33;127;0;3;2;2;1;0;0;5
39;131;0;3;0;1;3;0;0;5
59;135;7;4;0;1;4;1;0;5
50;140;3;4;1;1;1;0;0;5
48;154;0;4;0;2;5;0;0;5
65;155;0;4;1;0;3;1;0;5
65;183;5;6;0;0;2;1;0;5
54;198;0;4;0;1;2;1;0;5
9,5;25;0;1;0;1;2;0;0;6
7,9;26;0;1;1;1;1;0;0;6
8,9;27;0;1;0;1;3;1;0;6
8,3;28;0;1;0;1;0;1;0;6
10,2;29;0;1;0;1;0;0;0;6
8,9;29;0;1;0;1;2;1;0;6
9,3;30;0;2;1;1;1;1;0;6
11,4;31;0;1;0;1;2;0;0;6
10,5;33;0;1;0;1;2;0;0;6
9,3;33;0;1;0;1;3;1;0;6
9,2;35;0;1;0;1;2;1;0;6
5,8;35;0;1;0;1;1;1;0;6
10,6;35;0;2;1;1;2;1;0;6
11;36;0;1;0;1;0;1;0;6
8,9;36;0;1;0;1;0;0;0;6
10,6;37;0;1;0;1;1;1;0;6
10;37;0;1;0;1;1;0;0;6
11,9;40;0;1;1;1;1;0;0;6
11,1;40;0;1;0;1;0;0;0;6
15,5;40;0;2;0;1;0;0;0;6
12,6;44;0;2;1;1;1;0;0;6
8,5;44;0;5;1;1;0;0;0;6
13,4;45;0;2;1;1;3;0;0;6
11,4;46;0;3;2;1;0;0;0;6
14,4;48;0;2;0;1;2;1;0;6
15,9;49;0;1;0;1;1;1;0;6
12,9;49;0;2;1;1;1;0;0;6
12,9;50;0;2;1;1;2;0;0;6
12,3;51;0;1;0;1;0;0;0;6
10,5;51;0;1;0;1;0;1;0;6
15,6;52;2;2;0;1;0;0;0;6
15;53;0;2;0;1;0;1;0;6
12,5;54;0;2;0;1;2;1;0;6
11,5;55;0;1;0;1;2;1;0;6
13;56;0;2;0;1;3;1;0;6
14,5;57;0;2;0;1;3;1;0;6
13;57;0;2;0;1;1;0;0;6
16,7;59;0;2;1;1;3;0;0;6
16,9;60;0;2;1;1;0;0;0;6
12,5;60;0;2;0;1;3;0;0;6
18,7;61;0;2;0;1;1;0;0;6
15,8;62;0;2;0;1;0;1;0;6
16,5;63;0;2;0;1;1;1;0;6
15,2;64;0;1;0;1;2;0;0;6
12,5;65;0;2;0;1;1;1;0;6
14,7;65;0;4;2;1;3;1;0;6
17,5;66;0;3;1;2;1;1;0;6
16,5;68;0;1;0;1;3;1;0;6
13,6;68;0;3;1;0;3;1;0;6
19,2;69;0;2;0;1;1;1;0;6
17;70;0;2;0;1;0;0;0;6
23,8;71;0;2;0;1;3;1;0;6
21;71;0;3;0;1;1;0;0;6
18,9;71;0;3;1;1;1;1;0;6
18,5;72;0;2;0;1;1;0;0;6
15,2;72;0;2;0;1;3;1;0;6
17,5;72;0;3;0;1;3;1;0;6
17;74;0;3;1;1;2;1;0;6
16,5;76;0;2;0;1;0;0;0;6
9,9;76;0;2;0;1;0;0;0;6
24,2;77;0;2;0;0;3;1;0;6
26,5;77;0;2;0;1;1;1;0;6
18,2;78;0;3;1;1;2;1;0;6
25,5;80;1,8;2;0;1;4;0;0;6
20,3;80;0;2;0;1;1;1;0;6
17;80;0;3;1;1;1;0;0;6
22;81;0;2;0;1;3;0;0;6
17,9;82;0;2;0;1;0;1;0;6
27,8;85;2;1;0;1;3;1;0;6
18,9;85;0;2;0;1;4;0;0;6
28,5;85;0;3;0;2;3;1;0;6
15,1;86;3;2;0;1;1;1;0;6
18;86;0;3;0;1;3;1;0;6
28;87;0;3;0;1;2;1;0;6
29,2;89;0;3;0;1;1;0;0;6
20,7;90;0;3;0;1;1;0;0;6
24;90;6;4;1;1;2;0;0;6
33,4;92;6;2;0;1;1;1;0;6
31;92;0;3;1;1;4;1;0;6
28,9;93;0;2;0;1;1;0;0;6
32;93;0;3;1;1;2;1;0;6
45,9;95;0;3;1;1;3;1;0;6
25;95;0;4;1;1;1;0;0;6
29,5;96;0;2;1;1;0;1;0;6
20,6;96;2;2;0;1;2;1;0;6
29,9;100;1;3;0;1;3;0;0;6
29,8;100;0;3;0;1;3;0;0;6
25,5;100;0;4;1;1;2;0;0;6
33,5;103;0;4;0;2;1;1;0;6
23,9;104;0;3;0;1;2;1;0;6
27;105;0;3;0;1;3;0;0;6
21;105;0;3;0;1;1;1;0;6
41;105;0;4;1;1;2;1;0;6
26,9;106;0;3;1;1;3;1;0;6
25,2;106;0;4;1;1;3;0;0;6
30;108;0;3;0;1;2;1;0;6
35;110;0;3;0;1;1;0;0;6
29,9;113;2,5;3;0;1;1;0;0;6
31,6;114;0;4;1;1;2;1;0;6
24,9;114;0;4;1;1;3;0;0;6
32,7;122;0;5;2;2;3;1;0;6
37,9;124;0;3;1;1;3;1;0;6
32;125;0;3;0;2;0;1;0;6
44;134;5;3;0;1;4;1;0;6
33,5;134;0;4;0;1;1;1;0;6
62;134;2,7;4;2;2;2;0;0;6
29;136;0;4;1;1;2;1;0;6
54;139;0;4;0;2;3;0;0;6
46,5;142;10;4;0;1;0;1;0;6
31;145;1,4;3;0;1;2;1;0;6
40;150;0;4;0;1;1;1;0;6
54;159;0;6;1;2;2;0;0;6
65,9;160;12;5;2;1;5;0;0;6
6,4;23;0;1;0;1;1;0;0;7
6,7;26;0;1;0;1;3;0;0;7
7,3;28;0;1;0;1;2;0;0;7
7,9;29;0;1;0;1;3;1;0;7
6,5;29;0;1;0;1;3;1;0;7
6,9;31;0;1;0;1;4;0;0;7
10;32;0;1;0;1;2;0;0;7
8,4;33;0;1;0;1;2;0;0;7
7,9;33;0;1;0;1;1;0;0;7
10;37;0;1;0;1;2;0;0;7
10,2;38;0;1;0;1;3;1;0;7
16,4;41;0;1;0;1;2;0;0;7
10,2;42;0;1;0;1;3;1;0;7
8,2;44;0;1;0;1;0;1;0;7
11,3;44;0;2;1;1;2;0;0;7
11;44;0;2;0;1;1;0;0;7
8,8;44,5;0;2;1;1;0;0;0;7
11,2;45;0;1;0;1;1;0;0;7
9,2;46;0;1;0;1;3;0;0;7
12,7;51;0;2;0;1;3;1;0;7
11,6;51;0;2;0;1;0;0;0;7
13,9;53;0;2;0;1;3;0;0;7
14,8;59;3,5;2;1;1;3;1;0;7
14,1;59;0;2;0;1;1;0;0;7
11,8;60;0;2;0;1;4;1;0;7
11,4;60;0;2;0;1;1;1;0;7
13,5;60;0;3;0;1;1;0;0;7
14,9;62;0;2;0;1;3;0;0;7
21;70;0;2;0;1;2;0;0;7
16,6;72;0;3;1;1;2;0;0;7
14,9;72;0;3;0;1;2;1;0;7
15,8;73;0;3;1;1;2;0;0;7
17,6;75;0;2;0;1;3;1;0;7
21,8;76;0;4;2;1;1;0;0;7
15,9;77;0;2;0;1;0;1;0;7
17,9;77;0;3;1;1;2;0;0;7
24;79;3;3;1;2;1;0;0;7
13,8;81;0;2;0;1;1;1;0;7
17,2;83;0;2;0;1;2;0;0;7
30,4;85,8;0;2;1;1;4;1;0;7
16;89;1;3;0;1;3;1;0;7
19;95;0;3;1;1;2;0;0;7
31,9;98;0;3;1;1;2;1;0;7
19,8;99;0;3;0;1;2;0;0;7
25,5;100;0;4;1;1;3;0;0;7
26,9;108;10;4;1;1;2;0;0;7
26;110;0;3;1;1;2;0;0;7
30,4;111;4;4;1;1;3;1;0;7
21,9;116;0;3;0;2;3;1;0;7
26;127;6;3;0;1;4;1;0;7
38;136;0;4;0;1;1;1;0;7
21;140;2,5;4;0;1;2;1;0;7
41,5;182;0;4;0;2;3;1;0;7
88;240;4,5;9;0;3;2;1;0;7
5,5;29;0;1;0;1;1;0;0;8
7,8;32;0;1;0;1;3;1;0;8
7;32;0;1;0;1;2;0;0;8
6,9;36;0;1;0;1;3;1;0;8
8;36;0;2;1;1;0;1;0;8
6,9;40;0;1;0;1;2;1;0;8
7,9;41;0;2;0;1;2;0;0;8
10,9;46;0;2;1;1;2;0;0;8
8,9;47;0;3;2;1;4;0;0;8
11,5;49,5;0;2;0;1;0;0;0;8
8,9;50;0;1;0;1;1;1;0;8
9,9;51;0;2;1;1;1;1;0;8
10;51;0;3;1;1;1;1;0;8
16,4;62;0;2;0;1;1;0;0;8
12,8;64;2;2;0;1;2;0;0;8
12,5;65;0;2;0;1;1;1;0;8
16,9;68;0;1;0;1;5;0;0;8
14,9;68;0;3;1;1;2;0;0;8
12,9;70;0;2;0;1;2;0;0;8
15;70;0;3;0;1;4;0;0;8
15,9;74;0;4;1;1;6;0;0;8
17,5;75;0;3;0;2;6;0;0;8
15,9;77;2;3;1;1;5;0;0;8
13,8;78;1;2;0;1;3;0;0;8
18,9;80;0;3;0;2;2;0;0;8
13,2;89;0;3;1;1;1;1;0;8
26;104;0;4;1;1;1;0;0;8
22,9;107;3,2;3;0;1;2;0;0;8
42,5;137;0;4;1;2;1;1;0;8
41,9;150;1,7;5;0;1;3;1;0;8
26,9;160;10;4;0;1;1;0;0;8
7;27;0;1;0;1;2;0;0;9
7,5;28;0;1;0;1;6;1;0;9
9;30;0;1;0;1;2;1;0;9
7,4;34;0;2;1;1;0;1;0;9
12,7;35;0;2;1;1;1;1;0;9
8,9;37;17;1;0;1;6;0;0;9
10,4;37,46;0;1;0;1;3;0;0;9
13,2;40;0;1;0;1;0;0;0;9
8,9;40;1,4;1;1;1;4;0;0;9
11,5;42;0;2;1;1;0;1;0;9
10,4;42;0;2;1;1;0;0;0;9
11,7;44;0;2;1;1;3;1;0;9
13;45;6;1;0;1;2;1;0;9
17,2;48;4;2;1;1;2;0;0;9
16,8;48;0;2;0;1;1;0;0;9
15,7;50;3,2;2;1;1;3;1;0;9
10,5;51;3;2;1;1;0;0;0;9
19,9;51,44;1,5;2;0;1;5;1;0;9
14,7;53,54;0;2;0;1;3;0;0;9
17,5;55;0;2;1;1;6;1;0;9
11,5;55;0;2;0;1;4;0;0;9
12,5;56;3,5;2;0;1;1;0;0;9
11,9;56;3,5;2;0;1;4;0;0;9
13;57;0;1;0;1;2;0;0;9
19,9;60;3,5;2;0;1;3;1;0;9
15,2;64;0;2;0;1;3;0;0;9
17,7;68;0;3;1;1;4;1;0;9
20,9;69;0;2;0;1;3;0;0;9
15,2;69;0;3;1;1;1;1;0;9
18,9;70;0;3;1;1;3;1;0;9
15;70;0;3;1;1;3;0;0;9
20,5;70,55;0;3;0;1;1;0;0;9
15,6;72;0;2;0;1;3;1;0;9
27,9;73;8;2;0;1;0;1;0;9
23,6;73;0;2;1;1;1;1;0;9
15,4;74;0;2;0;1;4;1;0;9
15,9;75;0;0;1;1;1;0;0;9
15;75;0;3;1;1;3;0;0;9
24,5;77;0;2;0;1;8;0;0;9
25;78;3,7;3;0;1;3;1;0;9
21,9;78;0;3;1;1;3;1;0;9
16,7;79;0;3;1;1;2;1;0;9
16,7;80;0;2;0;1;0;1;0;9
28,7;84;4,7;3;2;1;3;0;0;9
20,9;87;0;3;0;1;1;0;0;9
23,5;91;0;3;0;1;5;1;0;9
36,7;94;6,7;3;0;1;5;0;0;9
23,9;94;0;3;0;1;3;0;0;9
23,9;99;0;2;0;1;3;0;0;9
23;102;0;3;0;1;3;1;0;9
21,3;107;0;4;1;1;5;0;0;9
34,9;117;42,9;5;3;1;5;0;0;9
24;120;0;4;0;1;2;1;0;9
33;145;0;5;1;1;5;0;0;9
11,9;52;4;2;0;1;4;1;0;10
12,3;54,4;3,6;2;0;1;4;0;0;10
11,6;59;3;2;0;1;1;1;0;10
12,2;68;0;2;0;1;4;1;0;10
15,1;90;0;3;0;1;0;1;0;10
7,7;27;0;1;0;1;2;1;1;11
14,9;32;14;1;0;1;0;0;1;11
11,4;32;1;1;0;1;4;1;1;11
7,4;32;0;1;0;1;3;0;1;11
8,9;32,5;0;2;1;1;0;1;1;11
12,5;33;4;1;0;1;4;0;1;11
11;33;0;1;0;1;0;1;1;11
13,9;34;0;1;0;1;0;1;1;11
10,5;35;0;1;0;1;2;0;1;11
12,5;36;0;1;0;1;0;1;1;11
12,8;38;0;1;0;1;1;0;1;11
9,9;40;0;1;0;1;0;1;1;11
14,3;41;2;2;1;1;1;0;1;11
16,2;43;4;2;0;1;1;0;1;11
11,5;45;6;2;0;1;9;0;1;11
21,9;48;10,5;2;0;1;0;1;1;11
26;51;4;2;0;1;2;1;1;11
13,4;52;7;2;0;1;3;0;1;11
24,5;53;6;2;0;1;2;0;1;11
22,9;53;6;2;1;1;1;1;1;11
15,6;53;2;2;0;1;4;1;1;11
14,4;53;3;2;0;1;2;1;1;11
10,9;53;0;3;2;1;0;0;1;11
22;55;7;2;1;1;1;0;1;11
14,9;55;7;2;0;1;2;1;1;11
19,2;57;0;2;0;1;0;1;1;11
13,9;57;0;2;0;1;0;1;1;11
15,9;59;6;3;1;1;2;1;1;11
16,5;60;0;3;0;1;3;1;1;11
19,2;61;5;3;1;1;8;0;1;11
22,5;62;12;2;1;1;2;1;1;11
29,9;62;3;3;1;1;1;1;1;11
19,9;62;0;3;0;1;2;1;1;11
18,9;64;4;3;2;1;1;1;1;11
14,9;67;0;2;0;1;1;1;1;11
16,9;70;0;2;0;1;4;1;1;11
30,9;70;0;3;0;1;1;1;1;11
15,9;70;2;3;1;1;3;0;1;11
30,5;74;2;2;0;0;3;0;1;11
16,6;75;0;3;1;1;5;1;1;11
15;77;0;2;0;1;0;0;1;11
17,9;77;10;3;0;1;1;0;1;11
20,9;79;3;2;0;1;2;0;1;11
27,5;79;4;3;0;1;1;0;1;11
27;79;20;3;0;1;0;0;1;11
21,5;80;0;2;0;1;1;1;1;11
17,7;80;2;3;0;1;2;0;1;11
24,9;81;1;2;0;1;4;0;1;11
23,9;81;0;2;0;1;0;0;1;11
26,5;82;5;3;1;1;3;1;1;11
22,2;83;0;4;0;1;1;1;1;11
23,9;84;0;3;0;1;0;1;1;11
20,5;86;2;2;0;0;4;1;1;11
33,7;86;17,5;2;0;1;0;1;1;11
61,5;87;50;3;0;1;0;1;1;11
32,5;87;7;4;1;1;0;1;1;11
21;88;0;3;0;1;3;0;1;11
30,5;89;0;2;0;1;4;1;1;11
31;91;5,7;3;0;1;1;1;1;11
27,9;92;4,8;3;1;0;0;1;1;11
21,8;92;0;3;1;1;2;0;1;11
37,5;93;0;4;0;1;0;1;1;11
53;95;30;2;0;1;0;1;1;11
29,5;95;0;3;0;1;2;1;1;11
19,9;95;0;3;1;1;1;0;1;11
28;98;51;3;0;1;1;1;1;11
39,5;99;20;3;1;1;0;1;1;11
33,9;100;0;4;0;1;1;1;1;11
25,9;100;0;4;1;1;5;1;1;11
36;105;17;2;0;2;0;1;1;11
33;111;4;4;1;1;4;0;1;11
35,3;114;0;4;1;1;4;1;1;11
46;120;6;4;1;1;2;1;1;11
29,6;120;0;4;0;1;2;0;1;11
32;123;2;4;1;1;2;0;1;11
38,2;128;0;5;0;1;1;1;1;11
29,9;129;0;4;0;1;1;1;1;11
42;146;0;5;0;1;0;1;1;11
35,9;150;7;5;1;2;1;1;1;11
55;151;0;4;1;2;2;1;1;11
55;161;60;5;1;3;0;1;1;11
80;174;198;5;0;2;5;1;1;11
70;174;25,2;6;1;3;1;1;1;11
65;180;0;4;0;2;5;0;1;11
8,5;23;0;1;0;1;1;0;1;12
10,5;25;0;1;0;1;1;0;1;12
10;25;0;1;0;1;0;1;1;12
10,8;28;2,5;1;0;1;2;1;1;12
11,9;28;6;1;0;1;1;1;1;12
9,5;28;0;1;0;1;0;1;1;12
11,9;32;0;1;0;1;1;0;1;12
8,7;32;0;1;0;1;1;0;1;12
10,5;33;0;2;0;1;1;1;1;12
17,9;34;14;1;0;1;0;1;1;12
11,9;38;0;1;0;1;3;0;1;12
16,7;38;0;2;1;1;0;1;1;12
17,9;38;6;2;1;1;0;1;1;12
14,4;39;0;2;1;1;1;0;1;12
10,9;40;0;1;0;1;0;1;1;12
12,5;41;0;2;1;1;0;1;1;12
12,7;42;0;1;0;1;3;0;1;12
11,9;42;0;1;0;1;1;1;1;12
14,9;42;0;2;1;1;0;0;1;12
14,5;43;0;1;0;1;1;1;1;12
17,5;43;9;2;1;1;7;1;1;12
18,5;43;5;2;0;1;1;1;1;12
12,5;43;0;2;1;1;1;0;1;12
15,9;44;0;2;1;1;0;0;1;12
15,9;44;12;2;1;1;4;0;1;12
15,9;44;0;2;0;1;0;1;1;12
19;46;8;2;0;0;1;0;1;12
20,7;47;6;0;0;1;1;1;1;12
20,9;49;0;2;1;1;3;0;1;12
13,9;49;0;2;1;1;0;1;1;12
24;50;0;2;0;1;0;1;1;12
16,8;50;0;2;1;1;0;1;1;12
20,8;51;50;3;2;1;7;0;1;12
24,9;52;6;2;1;1;1;1;1;12
16;52;0;2;0;1;0;0;1;12
19,5;52;6;2;0;1;0;1;1;12
18,9;53;0;1;1;1;0;0;1;12
39,9;54;10;2;0;1;3;0;1;12
24,7;54;0;2;0;1;2;0;1;12
19,9;54;4;2;0;1;1;1;1;12
18,8;54;3;2;0;1;4;1;1;12
15,9;54;0;2;0;1;1;1;1;12
23,7;54;8;3;2;1;1;1;1;12
41,6;55;44;1;0;1;3;1;1;12
18,9;55;0;1;0;1;3;0;1;12
21,5;55;8;2;0;1;3;0;1;12
21,5;55;0;2;0;1;1;1;1;12
22,9;55;6;2;0;1;2;1;1;12
8;55;0;2;0;1;1;1;1;12
23,9;56;6;2;0;1;0;1;1;12
21,2;56;3;2;0;1;2;1;1;12
19,9;57;0;1;0;1;2;1;1;12
32;57;7;2;0;1;3;1;1;12
19,5;57;10;2;0;1;4;0;1;12
26;59;10;2;0;1;2;0;1;12
29,9;59;7;3;1;1;2;1;1;12
29,1;60;9;2;0;1;1;1;1;12
21,5;60;0;2;0;1;1;0;1;12
22,9;60;6;2;0;1;5;1;1;12
25;61;6;3;2;0;4;1;1;12
17,9;61;3;3;0;1;2;0;1;12
32;62;6;2;0;1;1;1;1;12
22,9;63;0;1;0;1;4;0;1;12
29,2;63;4;2;0;1;1;0;1;12
18,9;63;4;3;1;1;2;0;1;12
24,5;63,7;4,3;2;0;1;0;0;1;12
25;64;9;2;1;1;1;1;1;12
28,9;64;0;3;0;1;3;0;1;12
31,5;65;8;3;2;1;2;1;1;12
23;65;4;3;1;1;6;0;1;12
26,2;66;10;2;0;1;1;0;1;12
25;66;9;2;0;1;1;1;1;12
21,5;68;0;2;0;1;1;0;1;12
28,8;68;9;3;1;1;3;0;1;12
26,5;68;8;3;1;1;3;1;1;12
35,9;69;9;2;0;1;9;1;1;12
23,5;69;4;2;0;1;3;1;1;12
19,5;69;5;3;1;1;0;0;1;12
21,9;70;4;2;0;1;1;1;1;12
18,9;70;8;2;0;1;6;0;1;12
48;70;0;3;1;1;0;1;1;12
29;70;12;3;1;1;2;0;1;12
27;70;7,4;3;1;1;0;1;1;12
20,5;72;0;2;0;0;1;0;1;12
19,7;72;0;3;1;1;1;0;1;12
18,5;72;0;3;0;1;2;0;1;12
19,7;72;2;3;1;2;4;0;1;12
34,9;73;7,5;3;0;1;0;1;1;12
21,9;74;0;3;0;1;2;1;1;12
22,5;74,5;3;4;0;1;3;1;1;12
32;75,37;0;4;2;1;0;1;1;12
40;76;0;1;0;1;0;0;1;12
31,2;76;6;3;0;1;1;0;1;12
20,9;76;1;3;0;1;1;0;1;12
29,9;77;0;3;1;1;0;1;1;12
21,6;78;6;2;0;1;4;1;1;12
18,9;78;0;3;1;1;3;0;1;12
18,9;79;0;3;1;1;2;1;1;12
28,9;79,5;2;3;2;1;4;0;1;12
25,2;80;0;2;0;1;0;0;1;12
26,9;80;0;3;0;1;0;0;1;12
22,5;80;3;3;1;1;4;0;1;12
33;81;12;2;1;1;2;1;1;12
38,5;82;6;3;0;2;3;1;1;12
23,9;82;6;3;0;1;1;1;1;12
22,9;82;6;3;0;1;3;1;1;12
32,9;83;6;2;0;1;3;1;1;12
38;83;6;4;0;1;0;0;1;12
21;83;0;4;1;1;1;1;1;12
25,5;84;9;3;0;1;4;1;1;12
42,5;85;36;3;0;1;1;0;1;12
29,9;85;4;3;0;1;1;1;1;12
34,5;85;0;4;0;2;2;1;1;12
33;86;12;2;0;1;1;1;1;12
36;86;8;3;0;1;1;1;1;12
33;86;0;3;0;1;0;1;1;12
42;88;14;3;0;1;2;0;1;12
26,5;90;0;3;0;1;3;0;1;12
22,9;90;4;4;0;1;4;0;1;12
20,5;90;0;4;2;1;1;1;1;12
28,5;91;0;3;0;1;3;1;1;12
22,9;91;0;3;1;1;4;0;1;12
31,2;92;2;3;0;1;1;0;1;12
39,6;94;12;3;0;1;0;1;1;12
25,5;94;0;4;1;1;3;1;1;12
39;95;0;3;1;1;0;1;1;12
29,9;96;2;4;1;1;2;0;1;12
27;96;0;4;1;1;2;0;1;12
54;97;10;4;0;1;1;1;1;12
49,5;98;18;4;2;1;0;1;1;12
23,9;100;0;4;1;1;2;0;1;12
28,9;101;4;3;0;1;2;1;1;12
28,5;101;16;4;0;1;4;1;1;12
39,5;101;35;4;0;2;0;0;1;12
30,2;103;0;2;0;1;2;1;1;12
24;103;0;2;0;1;1;0;1;12
32,5;104;2,4;3;0;1;1;1;1;12
32,7;104;0;3;0;2;2;0;1;12
30,9;105,6;0;3;0;1;2;1;1;12
24;106;0;3;0;1;0;1;1;12
73;106;30;4;0;2;1;1;1;12
32,9;106;8;4;0;1;3;0;1;12
34,5;106;6;4;0;1;2;1;1;12
33;106;4;4;0;2;2;0;1;12
28;108,4;6,7;5;0;2;4;1;1;12
57,5;110;15;4;0;2;2;1;1;12
29,2;115;10;4;0;1;2;1;1;12
49,9;116;0;3;0;1;1;0;1;12
24,9;118;0;3;0;1;1;1;1;12
49;122;5;4;0;2;0;0;1;12
52;123;10,5;5;0;2;1;0;1;12
41,7;124;2;4;1;1;1;0;1;12
27;125;0;4;0;2;3;0;1;12
42;125;10;5;0;1;0;0;1;12
53;128;20;4;0;2;0;1;1;12
41;128;20;4;1;1;0;1;1;12
39;130;8;4;1;1;2;1;1;12
55;130;28;6;0;3;0;0;1;12
46,8;132;12;3;0;1;2;0;1;12
54,9;134;72;4;0;2;0;0;1;12
83;142;41;4;0;2;0;1;1;12
63,5;144;14,2;4;0;1;1;1;1;12
62;145;10;4;0;2;0;0;1;12
51;145;18;6;0;3;0;1;1;12
50;145;0;8;0;1;0;1;1;12
67;150;51;3;0;1;1;1;1;12
112;155;26;5;0;2;3;1;1;12
99;160;20;2;0;2;1;0;1;12
110;160;60;4;0;1;1;1;1;12
79;165;14;5;0;1;1;1;1;12
80;170;10;4;0;2;0;1;1;12
73;170;24;6;0;2;3;1;1;12
59;174;5;4;0;3;2;1;1;12
110;178;45;6;0;2;0;1;1;12
110;180;20;4;0;2;1;1;1;12
98;182,2;78;5;0;2;0;1;1;12
82;187;46;5;0;2;0;1;1;12
68;200;10;4;0;2;0;1;1;12
88;205;25;5;0;2;0;1;1;12
95;214;50;5;0;2;0;0;1;12
125;215;30;4;0;3;0;1;1;12
98;215;50;5;0;3;1;0;1;12
88,4;250;54;6;0;2;1;0;1;12
120;350;100;6;0;2;0;1;1;12
144;425;78;7;0;5;1;1;1;12
170;459;0;14;0;4;0;1;1;12
198;500;100;9;0;4;0;1;1;12
7,7;24;0;1;0;1;3;0;0;13
6,2;24;0;1;0;1;0;1;0;13
7,3;27;0;1;0;1;1;0;0;13
6,8;27;0;1;0;1;1;0;0;13
6,8;27;0;1;0;1;1;1;0;13
8,6;28;0;1;0;1;3;0;0;13
12,9;29;18;1;0;1;8;0;0;13
12,3;29;6;1;0;1;3;0;0;13
10,6;29;0;1;0;1;1;0;0;13
6,6;29;0;1;0;1;2;1;0;13
13;30;4;1;0;1;6;0;0;13
10,6;30;0;1;0;1;5;1;0;13
8,8;30;0;1;0;1;1;0;0;13
7,9;31;8;1;0;1;0;0;0;13
14,2;32;4;1;0;1;4;0;0;13
13,2;32;4;1;0;1;4;0;0;13
12,4;32;0;1;0;1;4;1;0;13
7,9;32;0;1;0;1;2;0;0;13
7,3;32;0;1;0;1;2;0;0;13
6,3;32;0;1;0;1;1;1;0;13
6;32;0;1;0;1;1;0;0;13
12;33;4;1;0;1;1;0;0;13
8,2;33;0;1;0;1;0;1;0;13
7,6;33;0;1;0;1;3;0;0;13
10,4;34;0;1;0;1;1;0;0;13
9,1;34;0;1;0;1;2;0;0;13
8,6;34;0;1;0;1;1;1;0;13
11;35;0;1;0;1;3;0;0;13
9,1;35;0;2;1;1;10;0;0;13
10,3;36;6;1;0;1;2;1;0;13
16,7;36,5;6;1;0;1;5;0;0;13
12,9;37;0;1;0;1;5;0;0;13
10,9;37;0;1;0;1;1;1;0;13
9,5;37;0;1;0;1;0;1;0;13
8,9;37;0;2;0;1;2;1;0;13
9,9;38;0;1;0;1;3;1;0;13
7,9;38;0;1;0;1;0;0;0;13
9,5;38;0;2;1;1;0;1;0;13
9,2;38;0;2;1;1;0;0;0;13
9,7;39;0;1;0;1;1;0;0;13
11,5;39,5;1;1;0;1;4;1;0;13
14,5;39,57;4,1;2;0;1;2;0;0;13
10,1;40;0;1;0;1;6;0;0;13
9,9;40;0;1;0;1;0;1;0;13
9,5;40;0;1;0;1;1;1;0;13
9,5;40;0;1;0;1;2;0;0;13
9;40;3;2;1;1;1;0;0;13
9,8;41;0;1;0;1;3;0;0;13
9,5;41;0;1;0;1;2;0;0;13
11;42;0;1;0;1;2;0;0;13
17,9;42,74;23,3;2;1;1;1;1;0;13
12,9;43;0;2;1;1;1;0;0;13
9,8;43;0;2;1;1;8;0;0;13
11,9;44;0;2;1;1;4;0;0;13
11;44;0;2;0;1;2;1;0;13
10,5;44;0;2;1;1;10;0;0;13
10;44;0;2;1;1;0;0;0;13
26,3;44,87;10,9;2;0;1;2;1;0;13
13,9;45;4;2;0;1;3;0;0;13
12,5;45;0;2;1;1;1;1;0;13
12,5;46;0;1;0;1;2;1;0;13
12,5;46;2,5;2;0;1;4;1;0;13
11,8;47;0;2;0;1;0;0;0;13
23,8;47,14;10,8;2;1;1;5;0;0;13
23,8;47,14;10,8;2;1;1;5;0;0;13
9,4;48;0;1;0;1;1;0;0;13
23,5;48;10;2;0;1;6;1;0;13
13;48;0;2;0;1;1;0;0;13
25,5;49,9;15;2;0;1;5;0;0;13
23,9;49,93;15;2;0;1;3;0;0;13
11,5;50;2;1;0;1;1;1;0;13
22;50;6,5;2;0;1;3;0;0;13
21,5;50;9;2;0;1;5;1;0;13
14;50;2;2;0;1;5;1;0;13
13,5;50;0;2;0;1;1;0;0;13
13,5;50;0;2;0;1;4;0;0;13
12;50;0;2;0;1;2;0;0;13
12;50;2;2;0;1;6;0;0;13
26;51;22;2;0;1;9;1;0;13
19,2;51;4;2;0;1;5;0;0;13
23,9;51,34;6,9;2;0;1;5;0;0;13
12,6;52;6;2;1;1;2;1;0;13
28;52,04;3,5;2;0;1;2;0;0;13
12,4;53;0;1;0;1;3;1;0;13
30,1;53;13;2;0;0;4;0;0;13
28,7;53;13;2;0;1;5;0;0;13
27,5;53;6;2;0;1;6;0;0;13
27,2;53;6;2;0;1;5;0;0;13
15,9;53;0;2;0;1;1;0;0;13
13,8;53;0;2;1;1;3;0;0;13
12,5;54;0;1;0;1;4;0;0;13
24,9;54;10;2;1;1;4;1;0;13
19,8;54;0;2;0;1;0;0;0;13
13,5;54;0;2;1;1;0;1;0;13
15,5;54,3;4;2;0;1;1;0;0;13
14;55;0;2;0;1;0;0;0;13
18,8;55;0;3;2;1;0;0;0;13
27,1;55,29;11;2;0;1;6;0;0;13
10,9;56;0;1;0;0;2;0;0;13
17,5;56;0;2;1;1;3;0;0;13
13,8;56;0;2;0;1;2;0;0;13
12,9;56;8;2;0;1;1;1;0;13
12,8;56;0;2;0;1;3;1;0;13
15,2;56;0;3;2;1;3;1;0;13
16,7;57;0;2;0;0;2;1;0;13
26;57;6;2;0;1;6;1;0;13
9,6;57;2;2;0;1;0;0;0;13
16,5;57;5;3;2;1;1;0;0;13
19,6;58;21;2;0;0;1;1;0;13
19,8;58;0;2;0;1;1;0;0;13
12,9;58;0;2;0;1;3;0;0;13
12,9;58;1,5;2;0;1;4;0;0;13
25;58;17;3;0;1;2;0;0;13
21,3;58;7;3;2;1;7;1;0;13
13;58;2;3;0;1;10;0;0;13
14,5;58;8;4;3;1;1;1;0;13
16;59;5;2;0;1;3;1;0;13
14,7;59;2,5;2;0;1;3;1;0;13
17,5;59;0;3;1;1;5;0;0;13
16,6;59;9;3;2;1;3;0;0;13
12,9;59;2,5;3;0;1;6;0;0;13
21,9;60;4,8;2;0;1;2;0;0;13
19,3;60;0;2;0;1;3;1;0;13
16,6;60;0;2;0;1;1;1;0;13
15;60;0;2;0;1;0;0;0;13
13,3;60;0;2;0;1;3;1;0;13
12,1;60;0;2;0;1;3;0;0;13
28,8;60,87;6,3;3;0;2;7;1;0;13
17,2;61;0;2;0;1;1;0;0;13
15,5;61;6;2;0;1;3;1;0;13
48,5;62,08;44,2;3;0;2;9;1;0;13
16,9;63;0;2;0;1;0;1;0;13
23,5;63;0;3;2;1;1;1;0;13
14;63;0;3;1;1;3;0;0;13
23,5;65;8;2;0;1;5;1;0;13
15,8;66;0;3;2;2;3;0;0;13
22,9;67;3,5;2;0;1;3;0;0;13
18,5;68;0;2;0;1;4;1;0;13
36,5;68;102;3;0;1;9;1;0;13
26,5;69;60;3;2;1;5;0;0;13
21,9;69;0;3;2;1;4;1;0;13
18,9;70;4;2;0;1;1;0;0;13
20;70;0;3;1;1;1;0;0;13
19,9;70;3;3;1;1;1;0;0;13
35,9;70,5;18,7;3;0;2;3;1;0;13
35,4;70,5;18,7;3;0;2;2;1;0;13
18,5;71;0;3;1;1;5;0;0;13
37,6;72;14;3;0;1;7;1;0;13
32;72;12,4;3;0;1;6;0;0;13
23,5;72;0;3;2;1;2;1;0;13
14,5;75;0;3;1;1;1;1;0;13
27,3;75;67;3;0;2;1;0;0;13
28,5;76;0;3;0;0;0;0;0;13
24,3;76;2;3;0;1;4;1;0;13
20,5;76;0;3;1;1;0;1;0;13
17,9;77;0;2;0;1;3;1;0;13
23;77;0;4;0;2;5;1;0;13
23,9;80;3,3;3;1;1;1;0;0;13
19,4;80;0;3;1;2;2;0;0;13
20,9;81;0;3;1;1;1;0;0;13
25;82;0;2;0;1;1;0;0;13
37;82;0;3;0;1;2;0;0;13
29;83;5;3;0;1;3;0;0;13
24;83;0;3;0;1;0;0;0;13
24,9;83;4;4;1;1;4;1;0;13
25,5;84;0;3;0;1;4;0;0;13
23,5;84;0;3;1;1;1;1;0;13
25,5;85;0;3;0;1;2;1;0;13
56;86;56;3;1;1;9;1;0;13
16,9;86;0;3;0;1;3;0;0;13
34,9;89;8;3;0;1;1;0;0;13
33,9;90;20;3;0;1;6;0;0;13
23;91;0;2;0;1;3;0;0;13
21,9;92;0;2;2;1;1;0;0;13
28;92;0;4;1;2;8;0;0;13
24,9;93;0;3;0;1;3;0;0;13
27,5;96;0;3;1;2;1;0;0;13
27,9;97;0;3;0;1;4;0;0;13
32;100;0;3;0;1;4;1;0;13
24;100;4;4;1;1;1;0;0;13
36;100;30;5;0;2;5;1;0;13
39,9;103;6;3;0;1;2;0;0;13
27,6;104;0;4;1;2;4;0;0;13
33,9;107;0;4;0;1;4;0;0;13
26,3;108;2;4;0;2;1;1;0;13
30;119;4;4;0;2;5;0;0;13
41,9;122;12;3;0;1;2;0;0;13
32,5;126;0;3;0;1;0;1;0;13
16,5;126;0;3;0;1;0;1;0;13
47;127;0;4;0;2;3;1;0;13
30;130;0;5;0;1;0;1;0;13
46;133;0;4;0;1;0;1;0;13
27;133;0;4;1;1;3;0;0;13
29;136;0;5;1;1;1;0;0;13
46,5;140;0;4;0;2;0;0;0;13
37,9;144;0;4;0;1;2;0;0;13
43;170;14;5;0;2;0;0;0;13
8,2;25;0;1;0;1;0;0;0;14
6,9;29;0;1;0;1;1;0;0;14
8,5;30;2;1;0;0;1;1;0;14
7,9;30;0;1;0;1;1;1;0;14
8,5;32;0;1;0;1;0;0;0;14
8,7;33;0;1;0;1;-1;1;0;14
10,8;34;0;1;0;1;2;1;0;14
11,5;34;0;2;1;1;1;0;0;14
8,8;35;2;1;0;1;1;1;0;14
11;36;0;1;0;1;1;0;0;14
8,9;36;1;1;0;1;3;0;0;14
11,5;36,4;0;1;0;1;3;1;0;14
9,3;37;0;2;1;1;3;1;0;14
10,5;38;0;1;0;1;3;1;0;14
10,6;40;0;1;1;1;0;1;0;14
9,9;40;0;1;0;1;1;1;0;14
13,5;41;0;1;0;1;0;0;0;14
10,6;41;0;1;0;1;2;1;0;14
9,5;41;0;2;1;1;3;0;0;14
12,8;41;0;3;2;1;1;0;0;14
18,1;42;0;2;0;1;3;1;0;14
12,5;43;4;2;1;1;0;1;0;14
19,9;44;20;2;0;1;7;1;0;14
15,4;44;6;2;1;1;0;1;0;14
11;44;0;2;1;1;0;0;0;14
13,5;45,4;4,5;2;1;1;1;0;0;14
15;46;3;2;1;1;3;0;0;14
12;46;0;2;1;1;0;0;0;14
11,7;46;0;2;1;1;1;0;0;14
13,2;47;0;2;0;1;3;1;0;14
10,5;47;0;2;0;1;2;0;0;14
15;48;4;1;0;1;2;1;0;14
10,9;48;0;2;0;1;3;1;0;14
14,5;49;1,7;2;0;1;1;1;0;14
13,5;49,15;2,3;2;0;1;1;0;0;14
9,5;50;0;1;0;1;2;1;0;14
17,2;50;6,5;2;1;1;2;1;0;14
16,3;50;0;2;1;1;1;1;0;14
14,6;50;0;2;0;1;3;1;0;14
14,5;50;2;2;0;1;2;0;0;14
15,8;50;0;3;2;1;0;0;0;14
13,6;51;5;2;0;1;2;0;0;14
14,5;52;0;1;0;1;1;1;0;14
14,1;52;0;2;0;1;3;1;0;14
17,5;55;7;2;0;1;1;0;0;14
13,9;55;0;2;0;1;3;1;0;14
12,1;55;0;2;0;1;1;1;0;14
20,9;57;0;2;1;1;1;0;0;14
18,5;57;0;2;1;1;3;1;0;14
16,6;57;0;2;0;1;3;0;0;14
16,2;57;4,8;2;0;1;0;1;0;14
14,8;57;0;2;0;1;1;0;0;14
10,5;57;0;2;0;1;0;1;0;14
10;58;0;3;1;1;0;0;0;14
20,9;59;13;2;0;1;1;1;0;14
19,7;59;2;2;0;1;1;1;0;14
20,9;60;8;2;0;1;2;0;0;14
14,9;60;4;3;1;1;4;0;0;14
12,6;60;6;3;2;1;8;1;0;14
19;61;2,5;2;0;1;1;1;0;14
15,2;62;2,7;2;0;1;1;0;0;14
15,5;62;0;3;1;1;0;1;0;14
16,9;63;3,6;3;1;1;3;1;0;14
15;63;0;3;1;1;0;0;0;14
17,7;63,9;0;2;0;1;0;1;0;14
16;64;0;2;1;1;2;1;0;14
16;65;0;2;1;1;0;1;0;14
10,5;65;0;2;0;1;3;1;0;14
21,8;65;4;3;0;1;6;0;0;14
19,9;65,6;0;2;0;1;2;1;0;14
15,5;67;0;3;1;1;0;0;0;14
20,5;68;3,5;3;1;1;2;0;0;14
14,5;68;0;3;2;1;3;1;0;14
12,9;68;1,5;3;0;1;6;1;0;14
19,8;70;0;3;2;1;3;1;0;14
19;71;0;2;0;1;0;0;0;14
22,5;71;10;3;0;1;0;0;0;14
23;72;4,8;3;1;1;2;1;0;14
16,3;72;0;3;0;1;0;1;0;14
22,9;73;5;3;1;1;1;1;0;14
12,9;75;0;2;0;1;3;0;0;14
19,9;75;0;3;0;1;0;0;0;14
19,6;75;3;3;0;1;2;0;0;14
29;76;7;3;1;1;2;0;0;14
19,6;78;6,5;2;0;1;1;1;0;14
23,3;78;4;3;1;1;2;1;0;14
15,9;78;0;3;1;1;2;1;0;14
29,9;80;7;4;2;1;2;1;0;14
16,5;83;0;2;0;1;1;1;0;14
24,5;84;0;4;1;1;0;1;0;14
17,5;85;0;3;1;1;0;0;0;14
21,8;86;0;3;1;1;3;1;0;14
33,9;86;11;5;0;2;2;1;0;14
33,6;86;5,7;5;3;2;3;1;0;14
22;86,7;0;3;0;1;2;1;0;14
17,9;93;0;3;0;1;0;0;0;14
41,5;94,36;13,7;4;2;1;1;1;0;14
26,5;95;0;3;0;1;1;1;0;14
17,9;98;0;3;1;1;2;1;0;14
20,8;98,21;3,2;3;1;1;2;0;0;14
35;100;6;4;0;2;3;0;0;14
20,9;103;0;4;1;1;1;1;0;14
32,5;104;0;3;0;1;2;1;0;14
20;110;1,3;3;1;1;2;1;0;14
31,2;110;3;5;1;1;0;0;0;14
36;120;7;3;0;2;2;1;0;14
33,9;132;2,6;4;1;1;3;0;0;14
49,9;142;33;4;0;2;3;1;0;14
49,9;144;2;3;0;1;2;1;0;14
48;145;0;6;3;2;1;1;0;14
46,9;150;4;5;0;2;2;1;0;14
41;154;14;6;0;2;2;1;0;14
55;198;0;3;0;1;0;1;0;14
9,4;35;0;1;0;1;1;0;0;15
13,5;43;0;2;1;1;1;0;0;15
12,7;43;0;2;1;1;2;1;0;15
12,1;43,87;0;1;0;1;2;1;0;15
7,5;44;0;1;0;1;0;0;0;15
9,9;45;6;2;0;1;5;1;0;15
9,6;45;0;2;1;1;2;0;0;15
13,5;47;0;2;1;1;1;1;0;15
14,4;49;0;2;1;1;1;1;0;15
11,2;49;2;2;1;1;1;1;0;15
12,9;49;18;3;1;1;0;0;0;15
12,7;49;7,5;3;2;1;3;1;0;15
12,5;50;4,5;2;1;1;0;1;0;15
12,4;50;30;2;1;1;0;0;0;15
13;54;0;2;1;1;1;0;0;15
10,8;55;4;3;2;1;2;0;0;15
16,8;56;0;2;1;1;0;1;0;15
17;58;2;2;0;1;1;0;0;15
11,5;58;0;2;0;1;0;0;0;15
16,5;58;0;3;2;1;0;1;0;15
16,5;60;0;2;1;1;1;0;0;15
11,9;60;0;2;0;1;4;1;0;15
14,9;61;0;2;0;1;0;1;0;15
12,5;61;0;3;1;1;5;0;0;15
23,5;63;4;3;0;1;2;0;0;15
11,5;63;7,7;3;1;1;1;0;0;15
16,5;63,57;18;3;2;1;0;0;0;15
18,2;67;6,5;3;1;1;2;0;0;15
25;67,72;1,7;3;2;1;3;0;0;15
12,8;69;4;4;2;1;3;0;0;15
17,9;71;14;3;1;1;0;1;0;15
21;74;0;3;0;1;1;1;0;15
14,9;75;0;2;0;1;0;0;0;15
19;76;0;3;1;1;1;0;0;15
22;80;2,2;3;1;2;4;0;0;15
20;86;8;3;0;1;0;1;0;15
24,9;93,94;10;4;1;2;1;0;0;15
29;105,7;0;5;1;1;4;1;0;15
29,5;110;7,5;3;0;1;0;1;0;15
8,3;34;0;1;0;1;3;1;0;16
11,8;46;4;2;0;1;3;0;0;16
12,1;47,6;4;2;1;1;1;1;0;16
11,9;52;3,5;2;0;1;4;0;0;16
11,7;52;3,6;2;1;1;0;0;0;16
33;97;11;3;0;1;0;1;0;16
42,5;124;35;4;0;1;0;1;0;16
35,9;162;34;3;0;2;0;1;0;16
11;57;6,5;1;0;1;0;1;0;17
15,8;65;8;3;2;1;0;0;0;17
11,8;65;5;4;3;1;4;0;0;17
22,5;98,71;5;3;0;1;1;1;0;17
95;340;0;5;0;2;0;1;0;17
6,9;35;0;1;0;1;0;0;0;18
15,9;35;0;2;0;1;2;1;0;18
10,9;35,56;0;1;0;1;0;0;0;18
10,8;40;0;2;1;1;1;1;0;18
13,9;43;7;2;1;1;1;0;0;18
10,4;43;0;2;1;1;3;0;0;18
9;43;0;2;1;1;0;0;0;18
12,2;46;4;1;1;1;2;1;0;18
13,9;48;0;3;2;1;0;1;0;18
12,1;49,8;0;2;1;1;3;0;0;18
11,4;50;5;2;0;1;0;0;0;18
10,4;52;0;2;0;1;0;0;0;18
16,5;53;6;2;1;1;0;0;0;18
16,6;54;16;2;1;1;0;1;0;18
15;54,5;6,5;3;1;1;1;0;0;18
16,9;57;2,3;3;1;1;3;1;0;18
15,9;59;9;3;2;1;0;1;0;18
16,3;60;20;2;0;1;0;0;0;18
16,7;66;1,3;2;0;1;0;1;0;18
13,4;67;0;3;1;1;2;0;0;18
13;69;4;3;1;1;3;1;0;18
17,4;70;0;3;1;1;0;0;0;18
14,5;70;0;3;1;1;1;0;0;18
17;76;4,5;3;0;1;2;1;0;18
17,8;79;0;3;2;1;4;1;0;18
27,8;87,15;9;4;0;1;4;1;0;18
29,8;87,7;27,4;4;3;1;0;1;0;18
18,8;91;0;4;2;1;0;0;0;18
25,5;108;32;4;0;1;1;0;0;18
25;110;12;4;2;1;0;1;0;18
13,9;48;0;2;1;1;0;1;0;19
10,9;53;0;0;2;1;9;0;0;19
9,9;54;0;2;0;1;9;0;0;19
17,8;64;0;2;0;1;1;1;0;19
17,9;105;0;3;0;1;1;0;0;19
18,2;55;4,5;3;2;1;2;1;0;20
12,5;56;6;2;0;1;3;1;0;20
9,9;63;3,8;3;1;1;10;0;0;20
29,8;87;14;3;0;1;3;1;0;20
8,7;36;0;1;0;1;3;0;0;21
8,6;42;0;1;0;1;2;0;0;21
5;30;0;1;0;1;0;1;0;22
9,8;46;0;2;1;0;0;1;0;22
16,2;54;4,9;3;2;1;1;0;0;22
11,5;55;0;2;1;1;4;0;0;22
24;78;4;3;2;1;1;1;0;22
37;80;39;3;2;1;1;1;0;22
21;83;3;2;0;1;3;1;0;22
42;92;42;4;1;2;2;1;0;22
22;100;4;2;1;1;4;1;0;22
32,5;116;8,6;6;5;2;2;1;0;22
